{
    "exp_name": "PACS_cartoon",
    "algorithm": "AGG",
    "model": "resnet18",
    "dataset": "PACS",
    "seed_value": 1,
    "src_data_path": "data/PACS_DataSet/Raw images/kfold/",
    "src_train_meta_filenames":["data/PACS_DataSet/Train val splits/photo_train_kfold.txt",
        "data/PACS_DataSet/Train val splits/art_painting_train_kfold.txt",
        "data/PACS_DataSet/Train val splits/sketch_train_kfold.txt"],
    "src_val_meta_filenames": ["data/PACS_DataSet/Train val splits/photo_crossval_kfold.txt",
            "data/PACS_DataSet/Train val splits/art_painting_crossval_kfold.txt",
            "data/PACS_DataSet/Train val splits/sketch_crossval_kfold.txt"],
    "target_test_meta_filenames": ["data/PACS_DataSet/Train val splits/cartoon_test_kfold.txt"],
    "n_classes": 7,
    "iterations": 3000,
    "learning_rate": 0.001,
    "batch_size": 32,
    "step_eval": 100
}